{"cameraMode":{"drawMode":0,"name":"Shaded","section":"Shading Mode"},"sceneLighting":false,"audioPlay":false,"sceneViewState":{"showFog":true,"showMaterialUpdate":false,"showSkybox":false,"showFlares":true,"showImageEffects":true,"showParticleSystems":true},"in2DMode":false,"pivot":{"x":0.0,"y":0.006920000538229942,"z":9.313225746154786e-10},"rotation":{"x":0.18289996683597566,"y":-0.801373302936554,"z":0.3031728267669678,"w":0.4826991856098175},"size":0.0614878386259079,"orthographic":false}