{"cameraMode":{"drawMode":0,"name":"Shaded","section":"Shading Mode"},"sceneLighting":false,"audioPlay":false,"sceneViewState":{"showFog":true,"showMaterialUpdate":false,"showSkybox":false,"showFlares":true,"showImageEffects":true,"showParticleSystems":true},"in2DMode":false,"pivot":{"x":0.018662840127944948,"y":0.54029381275177,"z":-0.041330382227897647},"rotation":{"x":0.22193185985088349,"y":-0.28189897537231448,"z":0.06719310581684113,"w":0.9310460686683655},"size":2.108341693878174,"orthographic":false}