{"cameraMode":{"drawMode":0,"name":"Shaded","section":"Shading Mode"},"sceneLighting":false,"audioPlay":false,"sceneViewState":{"showFog":true,"showMaterialUpdate":false,"showSkybox":false,"showFlares":true,"showImageEffects":true,"showParticleSystems":true},"in2DMode":false,"pivot":{"x":-0.10379999876022339,"y":0.10659998655319214,"z":0.0},"rotation":{"x":0.07639627903699875,"y":-0.09360179305076599,"z":0.007426631636917591,"w":0.9928845167160034},"size":0.06757794320583344,"orthographic":false}