{"cameraMode":{"drawMode":0,"name":"Shaded","section":"Shading Mode"},"sceneLighting":true,"audioPlay":false,"sceneViewState":{"showFog":true,"showMaterialUpdate":false,"showSkybox":true,"showFlares":true,"showImageEffects":true,"showParticleSystems":true},"in2DMode":false,"pivot":{"x":20.236948013305665,"y":0.574663519859314,"z":31.474002838134767},"rotation":{"x":-0.08066490292549133,"y":0.3826732933521271,"z":-0.029351722449064256,"w":-0.9204739332199097},"size":5.224217414855957,"orthographic":false}